depth,width,num_parameters,R_test,eq_error,test_error
1,1,22,5,0.10870853066444397,3.0696747303009033
1,1,22,10,0.47560667991638184,12.36496639251709
1,1,22,20,2.599323034286499,50.63687515258789
1,1,22,40,13.774500846862793,206.4805908203125
1,2,40,5,0.24785828590393066,2.9787330627441406
1,2,40,10,0.8591921329498291,12.2378568649292
1,2,40,20,4.779357433319092,50.894874572753906
1,2,40,40,25.795534133911133,210.71682739257812
1,3,60,5,0.6272838115692139,2.6494140625
1,3,60,10,1.8094184398651123,11.468474388122559
1,3,60,20,5.6411261558532715,49.936248779296875
1,3,60,40,21.037036895751953,206.88604736328125
1,4,82,5,0.8580865859985352,2.5397374629974365
1,4,82,10,2.097911834716797,10.95064926147461
1,4,82,20,5.8263092041015625,47.89802551269531
1,4,82,40,17.714496612548828,200.595947265625
1,5,106,5,1.0808427333831787,2.3393073081970215
1,5,106,10,3.0155200958251953,10.701817512512207
1,5,106,20,11.005619049072266,50.048606872558594
1,5,106,40,40.7596435546875,213.46888732910156
1,6,132,5,1.1519596576690674,2.0801377296447754
1,6,132,10,3.587613582611084,9.55338191986084
1,6,132,20,12.132493019104004,46.33422088623047
1,6,132,40,40.10918426513672,205.1124267578125
1,7,160,5,1.2382733821868896,1.8349189758300781
1,7,160,10,4.3177571296691895,9.1812162399292
1,7,160,20,15.929871559143066,47.17290115356445
1,7,160,40,58.02309036254883,212.2985382080078
1,8,190,5,1.3397881984710693,1.6418591737747192
1,8,190,10,4.115330219268799,8.30712604522705
1,8,190,20,12.792712211608887,44.40337371826172
1,8,190,40,41.05419921875,204.05140686035156
1,9,222,5,1.2474554777145386,1.4895275831222534
1,9,222,10,4.1585469245910645,7.954522609710693
1,9,222,20,14.375223159790039,43.868568420410156
1,9,222,40,49.82063293457031,202.70846557617188
1,10,256,5,0.924645721912384,1.0384656190872192
1,10,256,10,4.008148670196533,5.921832084655762
1,10,256,20,18.012174606323242,39.594383239746094
1,10,256,40,76.9793930053711,212.01463317871094
1,11,292,5,0.932260274887085,0.8925941586494446
1,11,292,10,4.367602825164795,5.77659273147583
1,11,292,20,21.403884887695312,41.94758987426758
1,11,292,40,90.53746795654297,218.5570068359375
1,12,330,5,0.9034609198570251,0.9071319103240967
1,12,330,10,3.950857400894165,6.128307342529297
1,12,330,20,18.682111740112305,44.02713394165039
1,12,330,40,76.07350158691406,224.02296447753906
1,13,370,5,0.7431821227073669,0.7158558368682861
1,13,370,10,3.8600475788116455,4.803195953369141
1,13,370,20,21.436180114746094,38.070770263671875
1,13,370,40,98.37860870361328,212.36001586914062
1,14,412,5,0.7266169190406799,0.6105356812477112
1,14,412,10,3.6172542572021484,4.773580074310303
1,14,412,20,18.735532760620117,39.733150482177734
1,14,412,40,81.35321807861328,219.79066467285156
1,15,456,5,0.4987771511077881,0.44540268182754517
1,15,456,10,2.834228038787842,4.199192523956299
1,15,456,20,14.8744478225708,37.9105224609375
1,15,456,40,61.67713165283203,211.51185607910156
1,16,502,5,0.4780823588371277,0.39460045099258423
1,16,502,10,2.5578696727752686,4.017431735992432
1,16,502,20,13.01297664642334,38.08002853393555
1,16,502,40,54.97246551513672,212.84002685546875
1,17,550,5,0.4632960855960846,0.36901092529296875
1,17,550,10,3.0641629695892334,3.7875008583068848
1,17,550,20,21.805870056152344,39.48414611816406
1,17,550,40,122.0403823852539,235.79336547851562
1,18,600,5,0.3935837149620056,0.3461247980594635
1,18,600,10,2.618725061416626,3.787680149078369
1,18,600,20,16.408069610595703,37.98429870605469
1,18,600,40,77.17308044433594,217.09085083007812
1,19,652,5,0.4347809851169586,0.3496156930923462
1,19,652,10,2.606369733810425,3.955470085144043
1,19,652,20,14.89005184173584,40.5081901550293
1,19,652,40,69.0229721069336,231.96286010742188
1,20,706,5,0.3158113658428192,0.27144655585289
1,20,706,10,1.9996581077575684,3.2103004455566406
1,20,706,20,12.38336181640625,36.656734466552734
1,20,706,40,59.75473403930664,221.1696014404297
1,21,762,5,0.3298346996307373,0.2516268789768219
1,21,762,10,2.0452232360839844,2.833606481552124
1,21,762,20,11.852932929992676,32.66578674316406
1,21,762,40,47.190311431884766,206.51123046875
1,22,820,5,0.28159862756729126,0.23205959796905518
1,22,820,10,1.7506108283996582,3.108294725418091
1,22,820,20,10.124048233032227,34.123626708984375
1,22,820,40,41.51520919799805,201.9853057861328
1,23,880,5,0.25203055143356323,0.19138160347938538
1,23,880,10,1.5347687005996704,2.5527734756469727
1,23,880,20,9.616144180297852,31.125873565673828
1,23,880,40,44.103172302246094,205.9057159423828
1,24,942,5,0.2441643625497818,0.19533850252628326
1,24,942,10,1.4181833267211914,2.7210214138031006
1,24,942,20,8.469537734985352,33.33507537841797
1,24,942,40,33.29817581176758,205.6382598876953
1,25,1006,5,0.24940785765647888,0.1928609013557434
1,25,1006,10,1.532718539237976,3.124300003051758
1,25,1006,20,9.737545013427734,37.743736267089844
1,25,1006,40,46.44845962524414,220.81640625
1,26,1072,5,0.25806325674057007,0.1991928517818451
1,26,1072,10,1.6862068176269531,3.289921283721924
1,26,1072,20,10.056490898132324,38.96635818481445
1,26,1072,40,45.05485153198242,228.4559326171875
1,27,1140,5,0.20295971632003784,0.15124806761741638
1,27,1140,10,1.2937320470809937,2.3569021224975586
1,27,1140,20,8.867233276367188,30.05292510986328
1,27,1140,40,41.24663162231445,193.35693359375
1,28,1210,5,0.212753027677536,0.1721334606409073
1,28,1210,10,1.3832080364227295,2.902803659439087
1,28,1210,20,8.034323692321777,36.45803451538086
1,28,1210,40,32.636680603027344,217.27587890625
1,29,1282,5,0.2063763290643692,0.1437905877828598
1,29,1282,10,1.4076911211013794,2.508671283721924
1,29,1282,20,9.063270568847656,33.17499923706055
1,29,1282,40,42.31460189819336,207.77618408203125
1,30,1356,5,0.18174348771572113,0.13749241828918457
1,30,1356,10,1.0989943742752075,2.5306479930877686
1,30,1356,20,6.58461332321167,33.67053985595703
1,30,1356,40,28.37604522705078,212.2201690673828
1,31,1432,5,0.18432416021823883,0.13059280812740326
1,31,1432,10,1.2272655963897705,2.6663477420806885
1,31,1432,20,7.719399929046631,37.58091354370117
1,31,1432,40,33.51629638671875,219.84527587890625
1,32,1510,5,0.15867002308368683,0.11322444677352905
1,32,1510,10,1.158128261566162,2.2336134910583496
1,32,1510,20,8.271062850952148,31.309173583984375
1,32,1510,40,39.0407600402832,198.6883544921875
2,1,24,5,0.10477405786514282,3.076676607131958
2,1,24,10,0.5073103308677673,12.389691352844238
2,1,24,20,2.84269380569458,50.565189361572266
2,1,24,40,14.57732105255127,207.20870971679688
2,2,46,5,0.31490910053253174,2.93373966217041
2,2,46,10,0.45698636770248413,12.008539199829102
2,2,46,20,1.2728424072265625,49.60699462890625
2,2,46,40,5.411096572875977,201.72430419921875
2,3,72,5,0.4517321288585663,2.8204140663146973
2,3,72,10,1.0493088960647583,11.852838516235352
2,3,72,20,3.203328847885132,49.72077178955078
2,3,72,40,13.015437126159668,204.09693908691406
2,4,102,5,0.8928075432777405,2.570263624191284
2,4,102,10,2.4242451190948486,11.031891822814941
2,4,102,20,7.065622806549072,49.23043441772461
2,4,102,40,24.105085372924805,207.3252716064453
2,5,136,5,1.1073652505874634,2.349893808364868
2,5,136,10,3.1813697814941406,10.644721984863281
2,5,136,20,14.81497573852539,51.68974304199219
2,5,136,40,68.83686065673828,224.12159729003906
2,6,174,5,1.341463565826416,1.7924673557281494
2,6,174,10,4.332277297973633,8.68586540222168
2,6,174,20,15.446678161621094,46.05890655517578
2,6,174,40,57.8127326965332,210.471435546875
2,7,216,5,1.3232221603393555,1.8550612926483154
2,7,216,10,3.917466402053833,8.55272102355957
2,7,216,20,12.376630783081055,43.159515380859375
2,7,216,40,41.685325622558594,197.95269775390625
2,8,262,5,1.3914895057678223,1.5339211225509644
2,8,262,10,4.660083770751953,7.637253761291504
2,8,262,20,15.499245643615723,42.477943420410156
2,8,262,40,57.81000900268555,208.40097045898438
2,9,312,5,1.4446197748184204,1.2888950109481812
2,9,312,10,5.077507495880127,6.691920757293701
2,9,312,20,20.43256950378418,39.985233306884766
2,9,312,40,91.71060180664062,212.94039916992188
2,10,366,5,1.4451385736465454,1.2497286796569824
2,10,366,10,5.319283485412598,6.352080821990967
2,10,366,20,19.853483200073242,39.593807220458984
2,10,366,40,70.29561614990234,206.23150634765625
2,11,424,5,0.8373627662658691,0.6649343967437744
2,11,424,10,3.912961959838867,4.625677108764648
2,11,424,20,18.90414810180664,36.721492767333984
2,11,424,40,79.24246978759766,208.50802612304688
2,12,486,5,0.7129912972450256,0.5516228675842285
2,12,486,10,4.234457969665527,4.591634273529053
2,12,486,20,26.638338088989258,39.86277389526367
2,12,486,40,135.22500610351562,230.0607452392578
2,13,552,5,0.505901038646698,0.3913688361644745
2,13,552,10,3.288722276687622,3.797976493835449
2,13,552,20,18.638845443725586,35.703983306884766
2,13,552,40,80.6968002319336,211.36399841308594
2,14,622,5,0.46074196696281433,0.3432731330394745
2,14,622,10,2.81927490234375,3.7404415607452393
2,14,622,20,15.911985397338867,37.39927673339844
2,14,622,40,68.07955932617188,214.9673309326172
2,15,696,5,0.37313035130500793,0.2605860233306885
2,15,696,10,2.232438087463379,2.825230836868286
2,15,696,20,12.309900283813477,31.761333465576172
2,15,696,40,51.149776458740234,202.05426025390625
2,16,774,5,0.4161722958087921,0.28097161650657654
2,16,774,10,2.505297899246216,3.374337911605835
2,16,774,20,14.421287536621094,35.81135940551758
2,16,774,40,66.1240234375,211.39707946777344
2,17,856,5,0.2923831045627594,0.21506661176681519
2,17,856,10,1.8398901224136353,2.699038028717041
2,17,856,20,10.604970932006836,33.219486236572266
2,17,856,40,46.27653503417969,209.3714599609375
2,18,942,5,0.3037428855895996,0.20771008729934692
2,18,942,10,1.8779056072235107,2.8381500244140625
2,18,942,20,10.385751724243164,31.836782455444336
2,18,942,40,44.11942672729492,198.35845947265625
2,19,1032,5,0.22590957581996918,0.15482762455940247
2,19,1032,10,1.5075562000274658,2.4981937408447266
2,19,1032,20,9.71987247467041,31.085317611694336
2,19,1032,40,44.509647369384766,187.53001403808594
2,20,1126,5,0.22157327830791473,0.1496310532093048
2,20,1126,10,1.672052264213562,2.4859306812286377
2,20,1126,20,12.016898155212402,32.5510139465332
2,20,1126,40,55.73490905761719,203.12393188476562
2,21,1224,5,0.23445673286914825,0.1583174169063568
2,21,1224,10,1.496347188949585,2.2434163093566895
2,21,1224,20,9.208879470825195,31.05481719970703
2,21,1224,40,39.61995315551758,201.05245971679688
2,22,1326,5,0.23016050457954407,0.15395031869411469
2,22,1326,10,1.5668593645095825,2.397491693496704
2,22,1326,20,10.043289184570312,33.90446853637695
2,22,1326,40,45.900997161865234,213.79196166992188
2,23,1432,5,0.1697535216808319,0.11139113456010818
2,23,1432,10,1.1897778511047363,2.0327229499816895
2,23,1432,20,7.826362133026123,30.03502082824707
2,23,1432,40,32.964256286621094,189.70223999023438
2,24,1542,5,0.1882115602493286,0.1223222091794014
2,24,1542,10,1.256205439567566,2.2112843990325928
2,24,1542,20,8.145825386047363,28.648975372314453
2,24,1542,40,39.1480598449707,181.4599609375
2,25,1656,5,0.16415788233280182,0.11208910495042801
2,25,1656,10,1.0245708227157593,2.18984055519104
2,25,1656,20,6.647438049316406,29.923187255859375
2,25,1656,40,28.685808181762695,186.68234252929688
2,26,1774,5,0.13885052502155304,0.08851276338100433
2,26,1774,10,0.9466699957847595,1.8178836107254028
2,26,1774,20,6.533257961273193,27.586416244506836
2,26,1774,40,29.282133102416992,181.1403350830078
2,27,1896,5,0.14620791375637054,0.0961378887295723
2,27,1896,10,0.9466961026191711,2.037721872329712
2,27,1896,20,7.227259159088135,28.775358200073242
2,27,1896,40,38.14806365966797,187.1540069580078
2,28,2022,5,0.1430390179157257,0.09111054241657257
2,28,2022,10,1.0501019954681396,2.052370548248291
2,28,2022,20,6.610594749450684,30.68539810180664
2,28,2022,40,28.015840530395508,191.40176391601562
2,29,2152,5,0.13319827616214752,0.08522854000329971
2,29,2152,10,0.9943065643310547,1.896566390991211
2,29,2152,20,7.480640411376953,29.914249420166016
2,29,2152,40,35.975399017333984,195.05746459960938
2,30,2286,5,0.12280970066785812,0.08100315183401108
2,30,2286,10,0.8302435278892517,1.9327865839004517
2,30,2286,20,5.9240031242370605,27.32152557373047
2,30,2286,40,29.8934326171875,180.8291015625
2,31,2424,5,0.12839236855506897,0.08316337317228317
2,31,2424,10,0.9232745170593262,2.0572071075439453
2,31,2424,20,6.466142654418945,31.336109161376953
2,31,2424,40,27.26823616027832,202.14027404785156
2,32,2566,5,0.09807735681533813,0.06231870502233505
2,32,2566,10,0.8673579692840576,1.5089255571365356
2,32,2566,20,7.3855414390563965,26.232450485229492
2,32,2566,40,36.50827407836914,180.96859741210938
3,1,26,5,0.0002909082395490259,3.1322553157806396
3,1,26,10,0.0002909348113462329,12.511382102966309
3,1,26,20,0.0002922083658631891,49.87101745605469
3,1,26,40,0.00029127474408596754,200.60345458984375
3,2,52,5,0.28522762656211853,2.9484448432922363
3,2,52,10,0.45503008365631104,12.179027557373047
3,2,52,20,0.5576059818267822,49.855342864990234
3,2,52,40,0.5965922474861145,198.9114990234375
3,3,84,5,0.5644189715385437,2.749462842941284
3,3,84,10,0.8815678358078003,11.60262393951416
3,3,84,20,1.2424638271331787,48.78059005737305
3,3,84,40,1.4971332550048828,198.48516845703125
3,4,122,5,1.1558655500411987,2.32438063621521
3,4,122,10,3.077458381652832,10.27004623413086
3,4,122,20,8.124309539794922,47.39852523803711
3,4,122,40,20.71921157836914,199.8897705078125
3,5,166,5,1.2743730545043945,2.1867947578430176
3,5,166,10,2.8050990104675293,9.532358169555664
3,5,166,20,6.465249061584473,45.4043083190918
3,5,166,40,18.175840377807617,199.98558044433594
3,6,216,5,1.4131637811660767,1.786045789718628
3,6,216,10,4.017219543457031,9.22628402709961
3,6,216,20,12.649130821228027,47.35281753540039
3,6,216,40,43.962799072265625,207.24801635742188
3,7,272,5,1.3436375856399536,2.1190149784088135
3,7,272,10,3.7556536197662354,9.039196014404297
3,7,272,20,8.949174880981445,42.64120101928711
3,7,272,40,19.899702072143555,191.36126708984375
3,8,334,5,1.3045778274536133,1.6406210660934448
3,8,334,10,4.140604019165039,7.950723648071289
3,8,334,20,12.830944061279297,41.67809295654297
3,8,334,40,40.18184280395508,196.2378387451172
3,9,402,5,1.4201005697250366,1.3099921941757202
3,9,402,10,4.813200950622559,7.103362083435059
3,9,402,20,17.40436553955078,44.49652099609375
3,9,402,40,76.24028015136719,220.5851593017578
3,10,476,5,1.4499872922897339,1.250012755393982
3,10,476,10,4.614022731781006,6.256058216094971
3,10,476,20,15.170928001403809,38.17576599121094
3,10,476,40,52.64010238647461,193.78375244140625
3,11,556,5,1.428279995918274,1.3813555240631104
3,11,556,10,4.082454204559326,6.859908103942871
3,11,556,20,10.95722484588623,38.4741096496582
3,11,556,40,33.26474380493164,190.39846801757812
3,12,642,5,0.6194514036178589,0.46852123737335205
3,12,642,10,3.446193218231201,3.9892942905426025
3,12,642,20,19.3494873046875,36.36763381958008
3,12,642,40,83.68585205078125,212.37203979492188
3,13,734,5,0.5246159434318542,0.38080018758773804
3,13,734,10,3.075157403945923,3.4575908184051514
3,13,734,20,16.81642723083496,31.36728286743164
3,13,734,40,69.79313659667969,185.89276123046875
3,14,832,5,0.3678233325481415,0.2705322206020355
3,14,832,10,2.374037504196167,3.037294387817383
3,14,832,20,14.326093673706055,32.30057144165039
3,14,832,40,61.83488464355469,190.8946075439453
3,15,936,5,0.38228678703308105,0.2637423276901245
3,15,936,10,2.1383438110351562,2.958815574645996
3,15,936,20,11.838351249694824,31.137508392333984
3,15,936,40,48.62739181518555,184.5932159423828
3,16,1046,5,0.3399119973182678,0.23106184601783752
3,16,1046,10,2.1152055263519287,2.823561906814575
3,16,1046,20,13.535882949829102,34.28219985961914
3,16,1046,40,60.17241668701172,209.80702209472656
3,17,1162,5,0.29256367683410645,0.19631360471248627
3,17,1162,10,1.8877872228622437,2.5116610527038574
3,17,1162,20,11.59936237335205,29.87507438659668
3,17,1162,40,51.27017593383789,186.7317657470703
3,18,1284,5,0.2649315893650055,0.17514704167842865
3,18,1284,10,1.7103382349014282,2.5358879566192627
3,18,1284,20,10.717536926269531,32.399696350097656
3,18,1284,40,51.065826416015625,200.07640075683594
3,19,1412,5,0.20653627812862396,0.13775764405727386
3,19,1412,10,1.4924198389053345,2.2229440212249756
3,19,1412,20,10.544620513916016,29.2127742767334
3,19,1412,40,47.79875946044922,187.05276489257812
3,20,1546,5,0.20172369480133057,0.12831440567970276
3,20,1546,10,1.4376144409179688,2.047518014907837
3,20,1546,20,8.512770652770996,30.442598342895508
3,20,1546,40,34.495635986328125,199.09591674804688
3,21,1686,5,0.21417808532714844,0.13679684698581696
3,21,1686,10,1.6784898042678833,2.4416744709014893
3,21,1686,20,11.504643440246582,30.63869857788086
3,21,1686,40,51.334251403808594,191.3097381591797
3,22,1832,5,0.20360171794891357,0.13407303392887115
3,22,1832,10,1.4893975257873535,2.217975616455078
3,22,1832,20,9.827021598815918,29.239198684692383
3,22,1832,40,43.5432243347168,179.68023681640625
3,23,1984,5,0.16775500774383545,0.1029028668999672
3,23,1984,10,1.1478487253189087,1.996491551399231
3,23,1984,20,7.660107135772705,28.841459274291992
3,23,1984,40,34.227508544921875,182.9492645263672
3,24,2142,5,0.15329882502555847,0.09628549218177795
3,24,2142,10,1.0325870513916016,1.9181729555130005
3,24,2142,20,6.596839427947998,28.08290672302246
3,24,2142,40,29.174365997314453,183.9196014404297
3,25,2306,5,0.13346132636070251,0.08565319329500198
3,25,2306,10,1.0366071462631226,1.8712570667266846
3,25,2306,20,7.422235488891602,27.054349899291992
3,25,2306,40,33.7562370300293,175.54327392578125
3,26,2476,5,0.1421346515417099,0.08834168314933777
3,26,2476,10,0.9867982864379883,1.7514762878417969
3,26,2476,20,6.5254998207092285,27.925878524780273
3,26,2476,40,28.99292755126953,183.98439025878906
3,27,2652,5,0.11731323599815369,0.07472195476293564
3,27,2652,10,0.8797339797019958,1.8117948770523071
3,27,2652,20,6.212639808654785,26.301118850708008
3,27,2652,40,27.88651466369629,172.66595458984375
3,28,2834,5,0.11772793531417847,0.07361438870429993
3,28,2834,10,1.0250502824783325,1.7420802116394043
3,28,2834,20,8.841581344604492,27.125051498413086
3,28,2834,40,42.09540557861328,177.29527282714844
3,29,3022,5,0.12602894008159637,0.07851427048444748
3,29,3022,10,0.9958299398422241,1.7895174026489258
3,29,3022,20,7.3452467918396,27.092973709106445
3,29,3022,40,31.372102737426758,177.14630126953125
3,30,3216,5,0.12071048468351364,0.07244881242513657
3,30,3216,10,0.8127429485321045,1.7582095861434937
3,30,3216,20,5.521657466888428,27.749570846557617
3,30,3216,40,25.229045867919922,182.84237670898438
3,31,3416,5,0.09852170199155807,0.060068339109420776
3,31,3416,10,0.7285123467445374,1.5628184080123901
3,31,3416,20,5.790953159332275,26.220918655395508
3,31,3416,40,28.321279525756836,176.17953491210938
3,32,3622,5,0.10342250019311905,0.06433217972517014
3,32,3622,10,0.6955739855766296,1.6058400869369507
3,32,3622,20,4.7905073165893555,24.841718673706055
3,32,3622,40,21.794870376586914,166.2841033935547
4,1,28,5,0.00015761848771944642,3.117133140563965
4,1,28,10,0.00015804474242031574,12.490280151367188
4,1,28,20,0.00015756227367091924,50.031192779541016
4,1,28,40,0.00015847387840040028,199.6646728515625
4,2,58,5,0.00014855634071864188,3.1325128078460693
4,2,58,10,0.00014792353613302112,12.545662879943848
4,2,58,20,0.00014825559628661722,49.92535400390625
4,2,58,40,0.0001479208585806191,199.81884765625
4,3,96,5,0.8400640487670898,2.526277542114258
4,3,96,10,1.2113934755325317,11.07869815826416
4,3,96,20,2.0027384757995605,48.68239212036133
4,3,96,40,4.094989776611328,199.87742614746094
4,4,142,5,0.00018215409363619983,3.1277849674224854
4,4,142,10,0.00018384851864539087,12.522714614868164
4,4,142,20,0.00018160273612011224,49.70286560058594
4,4,142,40,0.00022703030845150352,200.8560791015625
4,5,196,5,1.2902716398239136,2.155013084411621
4,5,196,10,3.0360796451568604,9.400273323059082
4,5,196,20,7.018230438232422,44.518028259277344
4,5,196,40,18.90907096862793,196.97296142578125
4,6,258,5,1.3346823453903198,2.1410233974456787
4,6,258,10,3.54679799079895,9.367594718933105
4,6,258,20,9.629697799682617,45.269775390625
4,6,258,40,29.792095184326172,200.02565002441406
4,7,328,5,1.3526979684829712,1.9367122650146484
4,7,328,10,3.7603530883789062,9.029681205749512
4,7,328,20,12.577805519104004,45.2939567565918
4,7,328,40,43.49077224731445,206.64511108398438
4,8,406,5,1.4359347820281982,1.439603328704834
4,8,406,10,4.595438480377197,7.082174301147461
4,8,406,20,13.479121208190918,38.253639221191406
4,8,406,40,40.45317077636719,188.46189880371094
4,9,492,5,1.429118275642395,1.485634684562683
4,9,492,10,4.299740314483643,7.877902030944824
4,9,492,20,14.047384262084961,44.36845779418945
4,9,492,40,47.314456939697266,206.02450561523438
4,10,586,5,1.4410916566848755,1.2189329862594604
4,10,586,10,4.806094646453857,5.943806171417236
4,10,586,20,14.746247291564941,36.240169525146484
4,10,586,40,48.13943862915039,188.03158569335938
4,11,688,5,1.416155457496643,1.1550500392913818
4,11,688,10,4.544899940490723,5.692237377166748
4,11,688,20,14.111343383789062,35.34583282470703
4,11,688,40,47.760074615478516,189.03607177734375
4,12,798,5,1.4405879974365234,1.1743265390396118
4,12,798,10,4.35129451751709,6.055511951446533
4,12,798,20,12.541391372680664,37.65031814575195
4,12,798,40,41.46070861816406,193.85507202148438
4,13,916,5,1.414925217628479,1.128806471824646
4,13,916,10,4.586399555206299,5.647135257720947
4,13,916,20,15.855716705322266,37.45805358886719
4,13,916,40,59.51769256591797,202.26817321777344
4,14,1042,5,1.4303038120269775,1.1373789310455322
4,14,1042,10,4.456419944763184,5.718918800354004
4,14,1042,20,14.980873107910156,38.54275131225586
4,14,1042,40,54.02079772949219,206.54800415039062
4,15,1176,5,0.430820107460022,0.27861738204956055
4,15,1176,10,2.5129432678222656,2.5930140018463135
4,15,1176,20,15.421404838562012,28.631053924560547
4,15,1176,40,69.01356506347656,183.1103973388672
4,16,1318,5,0.3930753171443939,0.2540207803249359
4,16,1318,10,2.7128500938415527,2.5498688220977783
4,16,1318,20,20.40797996520996,29.872913360595703
4,16,1318,40,113.07211303710938,200.41224670410156
4,17,1468,5,0.2982013523578644,0.19841524958610535
4,17,1468,10,1.9077355861663818,2.5858592987060547
4,17,1468,20,11.694994926452637,29.78280258178711
4,17,1468,40,53.53120040893555,186.11680603027344
4,18,1626,5,0.2660711705684662,0.17002861201763153
4,18,1626,10,1.932935118675232,2.2828209400177
4,18,1626,20,14.079818725585938,31.860078811645508
4,18,1626,40,64.37100219726562,201.70530700683594
4,19,1792,5,0.23456084728240967,0.15164127945899963
4,19,1792,10,1.7083826065063477,2.134136438369751
4,19,1792,20,11.4216947555542,27.36635971069336
4,19,1792,40,49.77817153930664,179.0926055908203
4,20,1966,5,0.19787383079528809,0.11774270981550217
4,20,1966,10,1.2226152420043945,1.7423429489135742
4,20,1966,20,9.595366477966309,24.723533630371094
4,20,1966,40,48.3610954284668,170.95361328125
4,21,2148,5,0.19011574983596802,0.12012767046689987
4,21,2148,10,1.4224177598953247,1.7595759630203247
4,21,2148,20,10.431342124938965,25.49745750427246
4,21,2148,40,45.843238830566406,173.89669799804688
4,22,2338,5,0.1716419905424118,0.10219666361808777
4,22,2338,10,1.338405728340149,2.0163674354553223
4,22,2338,20,9.355827331542969,28.193084716796875
4,22,2338,40,41.376068115234375,182.06297302246094
4,23,2536,5,0.15264283120632172,0.09135711193084717
4,23,2536,10,1.1022884845733643,1.5779796838760376
4,23,2536,20,7.7266998291015625,23.666194915771484
4,23,2536,40,36.0490837097168,164.1396942138672
4,24,2742,5,0.13999055325984955,0.08351215720176697
4,24,2742,10,1.1359310150146484,1.58147132396698
4,24,2742,20,8.969803810119629,26.032320022583008
4,24,2742,40,42.57696533203125,180.0639190673828
4,25,2956,5,0.16147181391716003,0.09710793197154999
4,25,2956,10,1.1871203184127808,1.8916672468185425
4,25,2956,20,7.758606433868408,28.78993797302246
4,25,2956,40,33.49063491821289,187.97369384765625
4,26,3178,5,0.13020099699497223,0.0783170759677887
4,26,3178,10,1.083285927772522,1.7444658279418945
4,26,3178,20,8.64587688446045,27.159944534301758
4,26,3178,40,38.70125961303711,178.2903594970703
4,27,3408,5,0.11668118834495544,0.07137718796730042
4,27,3408,10,0.856907308101654,1.5977590084075928
4,27,3408,20,5.706843852996826,25.68219566345215
4,27,3408,40,23.58099937438965,167.707763671875
4,28,3646,5,0.14684003591537476,0.08486951142549515
4,28,3646,10,0.8728271722793579,1.5552319288253784
4,28,3646,20,6.181843280792236,25.85465431213379
4,28,3646,40,27.87579917907715,174.30149841308594
4,29,3892,5,0.11270760744810104,0.06599218398332596
4,29,3892,10,0.837169885635376,1.4946895837783813
4,29,3892,20,6.244988441467285,24.581266403198242
4,29,3892,40,28.73180389404297,170.28570556640625
4,30,4146,5,0.09437913447618484,0.05659240484237671
4,30,4146,10,0.7739595174789429,1.5882142782211304
4,30,4146,20,5.473204612731934,26.782928466796875
4,30,4146,40,25.157535552978516,182.27243041992188
4,31,4408,5,0.10991251468658447,0.06760513782501221
4,31,4408,10,0.8229503631591797,1.5810950994491577
4,31,4408,20,6.383925914764404,25.182395935058594
4,31,4408,40,28.748321533203125,165.13150024414062
4,32,4678,5,0.11208628863096237,0.06685621291399002
4,32,4678,10,0.8930197954177856,1.6269564628601074
4,32,4678,20,7.3649468421936035,25.7896671295166
4,32,4678,40,31.963747024536133,169.1410675048828
5,1,30,5,0.00010708416812121868,3.116457462310791
5,1,30,10,0.00010839850438060239,12.469182014465332
5,1,30,20,0.00010662170825526118,50.212158203125
5,1,30,40,0.00010761916200863197,199.2766571044922
5,2,64,5,0.00022459901811089367,3.126216173171997
5,2,64,10,0.00022098420595284551,12.530768394470215
5,2,64,20,0.00022219981474336237,49.89174270629883
5,2,64,40,0.00022368978534359485,200.70423889160156
5,3,108,5,0.00012240053911227733,3.1229004859924316
5,3,108,10,0.00012137214071117342,12.537766456604004
5,3,108,20,0.0001217962708324194,50.01505661010742
5,3,108,40,0.00012267024430911988,199.4886016845703
5,4,162,5,0.0001411157863913104,3.11680269241333
5,4,162,10,0.00013893298455514014,12.52202320098877
5,4,162,20,0.00014059568638913333,50.000858306884766
5,4,162,40,0.00013980687072034925,199.63426208496094
5,5,226,5,1.2872341871261597,2.1791200637817383
5,5,226,10,3.070436954498291,9.470315933227539
5,5,226,20,6.501791477203369,43.7955207824707
5,5,226,40,11.034945487976074,190.8355712890625
5,6,300,5,1.333330512046814,2.1188926696777344
5,6,300,10,3.4223380088806152,8.941935539245605
5,6,300,20,6.553167343139648,41.02390670776367
5,6,300,40,11.502863883972168,185.5233154296875
5,7,384,5,1.3842432498931885,2.118159294128418
5,7,384,10,3.77254056930542,8.919629096984863
5,7,384,20,8.102808952331543,41.92410659790039
5,7,384,40,14.890828132629395,188.8224334716797
5,8,478,5,1.3154908418655396,2.1450419425964355
5,8,478,10,3.651294708251953,9.115898132324219
5,8,478,20,10.507856369018555,42.73095703125
5,8,478,40,37.533443450927734,196.0054931640625
5,9,582,5,1.3866627216339111,2.1018788814544678
5,9,582,10,3.8810067176818848,8.672687530517578
5,9,582,20,7.802609920501709,39.57567596435547
5,9,582,40,13.900704383850098,182.9854736328125
5,10,696,5,1.4275847673416138,1.2300729751586914
5,10,696,10,4.635926246643066,6.154029369354248
5,10,696,20,14.47153091430664,37.73397445678711
5,10,696,40,43.60576629638672,192.2405242919922
5,11,820,5,1.424763560295105,1.2162890434265137
5,11,820,10,4.445289611816406,5.958615779876709
5,11,820,20,14.565099716186523,36.81474304199219
5,11,820,40,49.69114303588867,193.8166046142578
5,12,954,5,1.4125256538391113,1.12357759475708
5,12,954,10,4.231302261352539,5.562049865722656
5,12,954,20,12.925132751464844,35.41387176513672
5,12,954,40,43.22665023803711,186.78831481933594
5,13,1098,5,1.2570267915725708,0.977053701877594
5,13,1098,10,4.3547468185424805,5.631688594818115
5,13,1098,20,15.51038646697998,38.41404342651367
5,13,1098,40,52.905723571777344,200.9833526611328
5,14,1252,5,1.444983720779419,1.1583572626113892
5,14,1252,10,4.343175888061523,5.467259407043457
5,14,1252,20,12.069212913513184,32.4229850769043
5,14,1252,40,35.25233459472656,173.09584045410156
5,15,1416,5,1.4117672443389893,1.0909125804901123
5,15,1416,10,4.12338924407959,5.186753273010254
5,15,1416,20,11.295136451721191,32.0585823059082
5,15,1416,40,35.692543029785156,174.50440979003906
5,16,1590,5,0.8757080435752869,0.6235093474388123
5,16,1590,10,3.1251513957977295,3.8358895778656006
5,16,1590,20,11.830395698547363,30.41449546813965
5,16,1590,40,42.49022674560547,175.9952392578125
5,17,1774,5,0.5028850436210632,0.3388804495334625
5,17,1774,10,2.5556650161743164,3.3548107147216797
5,17,1774,20,14.384010314941406,34.031585693359375
5,17,1774,40,70.15245819091797,206.25636291503906
5,18,1968,5,1.4241057634353638,1.0918326377868652
5,18,1968,10,4.273391246795654,5.248645782470703
5,18,1968,20,12.16085433959961,32.75800323486328
5,18,1968,40,37.07072448730469,177.98342895507812
5,19,2172,5,0.2725948095321655,0.17077818512916565
5,19,2172,10,2.051056146621704,2.4047372341156006
5,19,2172,20,14.350253105163574,29.22550392150879
5,19,2172,40,62.60077667236328,183.30982971191406
5,20,2386,5,0.2511965036392212,0.15291249752044678
5,20,2386,10,1.7061481475830078,2.0003132820129395
5,20,2386,20,13.88791275024414,27.518095016479492
5,20,2386,40,71.26526641845703,185.59896850585938
5,21,2610,5,0.2239627242088318,0.13346955180168152
5,21,2610,10,1.4959659576416016,1.9793013334274292
5,21,2610,20,10.124124526977539,26.892425537109375
5,21,2610,40,45.61585998535156,176.06166076660156
5,22,2844,5,0.20939238369464874,0.12517321109771729
5,22,2844,10,1.409752607345581,1.7631268501281738
5,22,2844,20,9.232487678527832,24.699970245361328
5,22,2844,40,38.4116096496582,163.10899353027344
5,23,3088,5,0.20086774230003357,0.11768776178359985
5,23,3088,10,1.3554842472076416,1.8798762559890747
5,23,3088,20,8.8912353515625,25.590547561645508
5,23,3088,40,40.91343307495117,172.8501739501953
5,24,3342,5,0.15022478997707367,0.08886770159006119
5,24,3342,10,1.4120323657989502,1.8886749744415283
5,24,3342,20,10.661566734313965,26.309385299682617
5,24,3342,40,49.66630935668945,178.92430114746094
5,25,3606,5,0.1503801792860031,0.0902160257101059
5,25,3606,10,1.037853717803955,1.5864253044128418
5,25,3606,20,7.520130157470703,23.659116744995117
5,25,3606,40,36.382137298583984,163.24717712402344
5,26,3880,5,0.13012105226516724,0.07713780552148819
5,26,3880,10,1.1234124898910522,1.7021385431289673
5,26,3880,20,8.113581657409668,25.796483993530273
5,26,3880,40,37.44431686401367,171.8731689453125
5,27,4164,5,0.12442608177661896,0.07221444696187973
5,27,4164,10,0.9757117033004761,1.584945559501648
5,27,4164,20,6.8293023109436035,26.06137466430664
5,27,4164,40,31.268566131591797,175.29383850097656
5,28,4458,5,0.12244030088186264,0.07209168374538422
5,28,4458,10,0.8946136832237244,1.6524157524108887
5,28,4458,20,5.675632953643799,24.999366760253906
5,28,4458,40,24.12802505493164,169.4334259033203
5,29,4762,5,0.11075669527053833,0.06446573883295059
5,29,4762,10,0.8402106165885925,1.512681245803833
5,29,4762,20,6.488343715667725,24.641075134277344
5,29,4762,40,30.060396194458008,164.79364013671875
5,30,5076,5,0.1069277673959732,0.0611121729016304
5,30,5076,10,0.8803977966308594,1.3692368268966675
5,30,5076,20,6.630469799041748,22.524402618408203
5,30,5076,40,29.526233673095703,158.3798065185547
5,31,5400,5,0.09870397299528122,0.0602341964840889
5,31,5400,10,0.778461217880249,1.5521048307418823
5,31,5400,20,5.364123821258545,23.157024383544922
5,31,5400,40,23.510770797729492,155.2898406982422
5,32,5734,5,0.09026068449020386,0.05193564295768738
5,32,5734,10,0.7389835715293884,1.2638846635818481
5,32,5734,20,5.614436149597168,21.82695960998535
5,32,5734,40,26.655391693115234,157.20306396484375
6,1,32,5,0.00015776522923260927,3.1301002502441406
6,1,32,10,0.00015847221948206425,12.447848320007324
6,1,32,20,0.0001562617253512144,50.09771728515625
6,1,32,40,0.00015698940842412412,200.26539611816406
6,2,70,5,0.0003342837153468281,3.115766763687134
6,2,70,10,0.0003316441725473851,12.495783805847168
6,2,70,20,0.0003310736210551113,50.14128494262695
6,2,70,40,0.00033310626167804003,199.76693725585938
6,3,120,5,0.7280812859535217,2.6822526454925537
6,3,120,10,1.653934359550476,11.119282722473145
6,3,120,20,3.858534812927246,48.80205535888672
6,3,120,40,10.813185691833496,201.67005920410156
6,4,182,5,1.2194491624832153,2.2540671825408936
6,4,182,10,2.2044382095336914,10.145295143127441
6,4,182,20,6.3928656578063965,47.41683578491211
6,4,182,40,23.706573486328125,206.07232666015625
6,5,256,5,1.3320715427398682,2.17350697517395
6,5,256,10,3.1909666061401367,9.30263900756836
6,5,256,20,5.971566677093506,42.97929000854492
6,5,256,40,11.899053573608398,192.03805541992188
6,6,342,5,1.315492868423462,2.1441421508789062
6,6,342,10,3.4521875381469727,9.30150032043457
6,6,342,20,7.473077297210693,44.073509216308594
6,6,342,40,17.796403884887695,195.83648681640625
6,7,440,5,1.3393059968948364,2.0957703590393066
6,7,440,10,3.4299726486206055,8.966556549072266
6,7,440,20,5.728244781494141,41.98492431640625
6,7,440,40,7.335299491882324,189.65379333496094
6,8,550,5,1.4035085439682007,2.0192816257476807
6,8,550,10,4.259459495544434,9.333405494689941
6,8,550,20,16.448556900024414,47.87674331665039
6,8,550,40,73.49514770507812,222.5750732421875
6,9,672,5,1.369645357131958,2.091261148452759
6,9,672,10,3.850843667984009,9.025455474853516
6,9,672,20,10.562179565429688,44.50290298461914
6,9,672,40,36.370548248291016,204.84742736816406
6,10,806,5,1.4113460779190063,1.4513018131256104
6,10,806,10,4.426661014556885,7.128531455993652
6,10,806,20,12.739062309265137,39.00876235961914
6,10,806,40,41.92050552368164,191.71334838867188
6,11,952,5,1.4101749658584595,1.7403405904769897
6,11,952,10,3.8094990253448486,8.817682266235352
6,11,952,20,15.22689151763916,49.38684844970703
6,11,952,40,61.90052795410156,225.1244659423828
6,12,1110,5,1.439274787902832,1.1604498624801636
6,12,1110,10,4.139122486114502,5.68510103225708
6,12,1110,20,11.175765037536621,34.2619743347168
6,12,1110,40,31.866413116455078,183.70376586914062
6,13,1280,5,1.4319289922714233,1.147006630897522
6,13,1280,10,4.430233478546143,5.906757354736328
6,13,1280,20,16.160572052001953,38.350868225097656
6,13,1280,40,65.25970458984375,205.7158966064453
6,14,1462,5,1.4208430051803589,1.1113816499710083
6,14,1462,10,3.907933235168457,5.594033241271973
6,14,1462,20,9.817543029785156,36.91513442993164
6,14,1462,40,23.738725662231445,189.8599090576172
6,15,1656,5,1.4249286651611328,1.1054754257202148
6,15,1656,10,4.008639812469482,5.253806114196777
6,15,1656,20,9.568385124206543,32.16889190673828
6,15,1656,40,25.600341796875,174.68173217773438
6,16,1862,5,1.419160008430481,1.1240437030792236
6,16,1862,10,3.8760826587677,5.51811408996582
6,16,1862,20,9.256834983825684,33.68244171142578
6,16,1862,40,27.347288131713867,179.89866638183594
6,17,2080,5,0.7624388933181763,0.57301265001297
6,17,2080,10,3.076258897781372,3.896698474884033
6,17,2080,20,12.812215805053711,30.239334106445312
6,17,2080,40,51.35544204711914,176.10267639160156
6,18,2310,5,1.407214879989624,1.0955312252044678
6,18,2310,10,4.357363224029541,5.000028133392334
6,18,2310,20,13.16321849822998,30.82559585571289
6,18,2310,40,47.24071502685547,174.16737365722656
6,19,2552,5,1.4068655967712402,1.0659918785095215
6,19,2552,10,3.9672515392303467,5.189241886138916
6,19,2552,20,11.75416088104248,32.56945037841797
6,19,2552,40,47.927799224853516,187.05490112304688
6,20,2806,5,0.282564252614975,0.16917216777801514
6,20,2806,10,1.4779919385910034,1.9128164052963257
6,20,2806,20,8.47952938079834,25.242292404174805
6,20,2806,40,41.297813415527344,172.73995971679688
6,21,3072,5,0.3074396252632141,0.19092772901058197
6,21,3072,10,1.844350814819336,2.3022143840789795
6,21,3072,20,11.424847602844238,27.862403869628906
6,21,3072,40,54.40283203125,182.87362670898438
6,22,3350,5,0.18010765314102173,0.10981057584285736
6,22,3350,10,1.3699148893356323,1.7188047170639038
6,22,3350,20,9.299671173095703,24.33564567565918
6,22,3350,40,40.300785064697266,169.50621032714844
6,23,3640,5,1.3888872861862183,1.0922602415084839
6,23,3640,10,4.388233184814453,5.136259078979492
6,23,3640,20,16.766143798828125,32.8045539855957
6,23,3640,40,74.53931427001953,191.21856689453125
6,24,3942,5,0.15828529000282288,0.09167524427175522
6,24,3942,10,1.175642967224121,1.4916366338729858
6,24,3942,20,8.395525932312012,21.475191116333008
6,24,3942,40,41.21659851074219,150.20579528808594
6,25,4256,5,0.14829520881175995,0.08920110762119293
6,25,4256,10,1.239593744277954,1.8221884965896606
6,25,4256,20,8.999131202697754,24.13347053527832
6,25,4256,40,46.01850128173828,166.12289428710938
6,26,4582,5,0.1963077187538147,0.11842919886112213
6,26,4582,10,1.3835806846618652,1.8166801929473877
6,26,4582,20,9.251383781433105,23.877199172973633
6,26,4582,40,45.368751525878906,161.3185272216797
6,27,4920,5,0.1375887542963028,0.07981500029563904
6,27,4920,10,1.1782879829406738,1.8727034330368042
6,27,4920,20,10.67025375366211,27.35691261291504
6,27,4920,40,57.93904113769531,179.91119384765625
6,28,5270,5,0.13523612916469574,0.07911347597837448
6,28,5270,10,1.0425081253051758,1.50030517578125
6,28,5270,20,7.903517723083496,21.742691040039062
6,28,5270,40,39.251834869384766,154.9734344482422
6,29,5632,5,0.10917534679174423,0.06442061811685562
6,29,5632,10,0.9428954720497131,1.5889532566070557
6,29,5632,20,8.020025253295898,25.799856185913086
6,29,5632,40,39.31089401245117,175.8853302001953
6,30,6006,5,0.1247643232345581,0.07150363177061081
6,30,6006,10,1.087159276008606,1.6966322660446167
6,30,6006,20,8.72950267791748,26.031251907348633
6,30,6006,40,39.18646240234375,171.46148681640625
6,31,6392,5,0.12577630579471588,0.07329244166612625
6,31,6392,10,0.8296228051185608,1.514036774635315
6,31,6392,20,6.55830717086792,24.68775749206543
6,31,6392,40,35.1557502746582,180.00796508789062
6,32,6790,5,0.09266453236341476,0.053974658250808716
6,32,6790,10,0.8304508924484253,1.4989726543426514
6,32,6790,20,6.990833282470703,24.283985137939453
6,32,6790,40,31.18072509765625,167.81845092773438
7,1,34,5,0.00028396848938427866,3.11616587638855
7,1,34,10,0.0002841659588739276,12.50281047821045
7,1,34,20,0.0002839872322510928,49.68260955810547
7,1,34,40,0.000285369751509279,200.58511352539062
7,2,76,5,0.0001421959896106273,3.1207263469696045
7,2,76,10,0.00014269199164118618,12.513883590698242
7,2,76,20,0.00014159310376271605,50.018184661865234
7,2,76,40,0.00014207216736394912,198.9824981689453
7,3,132,5,0.0003030492807738483,3.1299567222595215
7,3,132,10,0.0003046060155611485,12.502073287963867
7,3,132,20,0.0003045076155103743,49.867366790771484
7,3,132,40,0.0003054543922189623,200.59249877929688
7,4,202,5,1.101443886756897,2.4227957725524902
7,4,202,10,1.6467572450637817,10.7139253616333
7,4,202,20,2.903351068496704,48.53617477416992
7,4,202,40,4.4424543380737305,200.1815948486328
7,5,286,5,0.0002997665433213115,3.1367740631103516
7,5,286,10,0.0002995791146531701,12.452877044677734
7,5,286,20,0.0002976136456709355,50.06120300292969
7,5,286,40,0.00029958810773678124,199.08590698242188
7,6,384,5,1.1731737852096558,2.3124165534973145
7,6,384,10,2.870309829711914,10.104192733764648
7,6,384,20,10.424262046813965,48.3173942565918
7,6,384,40,40.37083435058594,212.53614807128906
7,7,496,5,1.3675785064697266,2.131049156188965
7,7,496,10,3.480393171310425,9.145421028137207
7,7,496,20,7.613542556762695,43.1360969543457
7,7,496,40,17.558128356933594,191.681884765625
7,8,622,5,1.3635798692703247,2.123401641845703
7,8,622,10,3.5883495807647705,9.047119140625
7,8,622,20,8.087226867675781,43.4835090637207
7,8,622,40,16.421613693237305,195.62771606445312
7,9,762,5,1.3936964273452759,2.1011691093444824
7,9,762,10,3.515005111694336,8.886896133422852
7,9,762,20,6.339991092681885,41.588748931884766
7,9,762,40,14.125412940979004,191.4489288330078
7,10,916,5,1.3801811933517456,2.1101927757263184
7,10,916,10,3.574359178543091,8.889510154724121
7,10,916,20,6.587118625640869,41.474884033203125
7,10,916,40,12.540637969970703,188.2703399658203
7,11,1084,5,1.4288406372070312,1.1686577796936035
7,11,1084,10,3.9679105281829834,5.706647872924805
7,11,1084,20,10.597516059875488,34.70528793334961
7,11,1084,40,37.822444915771484,182.96337890625
7,12,1266,5,1.522697925567627,1.3146406412124634
7,12,1266,10,4.324876308441162,7.169432640075684
7,12,1266,20,16.092247009277344,44.15837478637695
7,12,1266,40,59.57735824584961,213.36856079101562
7,13,1462,5,1.448928952217102,1.1634490489959717
7,13,1462,10,4.4186625480651855,5.64931058883667
7,13,1462,20,12.349583625793457,34.74287033081055
7,13,1462,40,38.23441696166992,182.94186401367188
7,14,1672,5,1.3976000547409058,1.6088573932647705
7,14,1672,10,3.8806281089782715,7.196142673492432
7,14,1672,20,8.675559043884277,39.907711029052734
7,14,1672,40,20.985729217529297,195.14999389648438
7,15,1896,5,1.4278568029403687,1.1662967205047607
7,15,1896,10,4.3369140625,6.002929210662842
7,15,1896,20,14.631970405578613,36.57451629638672
7,15,1896,40,51.08489990234375,189.35940551757812
7,16,2134,5,1.4028229713439941,1.1417531967163086
7,16,2134,10,3.8147854804992676,5.472623825073242
7,16,2134,20,9.128097534179688,33.55306625366211
7,16,2134,40,25.81366729736328,178.22488403320312
7,17,2386,5,1.517844319343567,1.5816313028335571
7,17,2386,10,3.9261856079101562,6.977406024932861
7,17,2386,20,8.819197654724121,38.56532669067383
7,17,2386,40,24.12491226196289,191.1270294189453
7,18,2652,5,1.4087799787521362,1.0844694375991821
7,18,2652,10,3.9705417156219482,5.355539798736572
7,18,2652,20,10.422601699829102,32.56484603881836
7,18,2652,40,30.022981643676758,174.06663513183594
7,19,2932,5,1.4099944829940796,1.0817049741744995
7,19,2932,10,3.787102460861206,5.094682216644287
7,19,2932,20,8.165360450744629,30.984474182128906
7,19,2932,40,19.533531188964844,167.95460510253906
7,20,3226,5,1.4006603956222534,1.084187388420105
7,20,3226,10,4.21042013168335,5.073535442352295
7,20,3226,20,12.503608703613281,32.08994674682617
7,20,3226,40,44.450035095214844,176.1736602783203
7,21,3534,5,0.25118350982666016,0.15199404954910278
7,21,3534,10,1.7244189977645874,2.236189603805542
7,21,3534,20,12.049497604370117,26.13523292541504
7,21,3534,40,62.064517974853516,179.0865020751953
7,22,3856,5,1.4120591878890991,1.0793453454971313
7,22,3856,10,4.147676467895508,5.022982120513916
7,22,3856,20,11.200118064880371,32.62425231933594
7,22,3856,40,33.39093780517578,181.27552795410156
7,23,4192,5,0.26073965430259705,0.16104140877723694
7,23,4192,10,1.6615791320800781,2.267005443572998
7,23,4192,20,12.422904968261719,28.56468391418457
7,23,4192,40,61.560184478759766,183.6118621826172
7,24,4542,5,0.5134834051132202,0.3114555776119232
7,24,4542,10,2.6807849407196045,3.305850028991699
7,24,4542,20,17.772480010986328,36.699867248535156
7,24,4542,40,95.1802978515625,223.30393981933594
7,25,4906,5,0.19879208505153656,0.10964848846197128
7,25,4906,10,1.1011958122253418,1.7174559831619263
7,25,4906,20,6.879630088806152,24.428125381469727
7,25,4906,40,29.496246337890625,164.4438018798828
7,26,5284,5,1.4015816450119019,1.064961314201355
7,26,5284,10,3.638409376144409,5.158156394958496
7,26,5284,20,8.753779411315918,32.33913803100586
7,26,5284,40,25.600217819213867,175.8392333984375
7,27,5676,5,0.13624298572540283,0.0792466253042221
7,27,5676,10,1.0563445091247559,1.6728469133377075
7,27,5676,20,6.793160438537598,24.898658752441406
7,27,5676,40,24.079357147216797,170.9404296875
7,28,6082,5,0.14942480623722076,0.08292325586080551
7,28,6082,10,1.1629210710525513,1.6791093349456787
7,28,6082,20,8.431924819946289,23.119426727294922
7,28,6082,40,42.240482330322266,161.03089904785156
7,29,6502,5,0.10522443056106567,0.061580296605825424
7,29,6502,10,0.9460001587867737,1.6136343479156494
7,29,6502,20,7.130500316619873,23.980688095092773
7,29,6502,40,33.88597106933594,160.41294860839844
7,30,6936,5,0.10204894095659256,0.06154279783368111
7,30,6936,10,0.943368673324585,1.6602979898452759
7,30,6936,20,7.474123954772949,24.47661590576172
7,30,6936,40,37.64906692504883,166.82923889160156
7,31,7384,5,0.11164210736751556,0.06548576802015305
7,31,7384,10,1.0939151048660278,1.6060247421264648
7,31,7384,20,9.854035377502441,25.151479721069336
7,31,7384,40,53.3109245300293,174.1844024658203
7,32,7846,5,0.10844956338405609,0.06070009618997574
7,32,7846,10,0.8850996494293213,1.6904710531234741
7,32,7846,20,7.451244831085205,25.276065826416016
7,32,7846,40,35.19873046875,169.0615997314453
